name: us-geo
description: US geographic identifiers
context: geo
lang: en
rules:
  usfips52known:
    key: fips52
    is_pii: False
    name: US State FIPS 5-2 code
    rule: state_fips_code,state_fips,statefips,fips_state,cntyfips,stfips,fips_state_code,fips_state,st_fips
    match: text
    type: field
  usfips64known:
    key: fips64
    is_pii: False
    name: US State FIPS 6-4 code
    rule: county_fips_code,fips_county_code,countyfips,fips_county,cnty_fips,fips_count,county_fips,local_fips,city_fips
    match: text
    type: field
  uscitybyvalue:
    key: uscity
    name: US city name by value
    rule: New York,Los Angeles,Chicago,Houston,Phoenix,Philadelphia,San Antonio,San Diego,Dallas,San Jose,Austin,Jacksonville,Fort Worth,Columbus,Indianapolis,Charlotte,San Francisco,Seattle,Denver,Washington,Nashville,Oklahoma City,El Paso,Boston,Portland,Las Vegas,Detroit,Memphis,Louisville,Baltimore,Milwaukee,Albuquerque,Tucson,Fresno,Sacramento,Kansas City,Mesa,Atlanta,Omaha,Colorado Springs,Raleigh,Long Beach,Virginia Beach,Miami,Oakland,Minneapolis,Tulsa,Bakersfield,Wichita,Arlington,Aurora,Tampa,New Orleans,Cleveland,Honolulu,Anaheim,Lexington,Stockton,Corpus Christi,Henderson,Riverside,Newark,Saint Paul,Santa Ana,Cincinnati,Irvine,Orlando,Pittsburgh,St. Louis,Greensboro,Jersey City,Anchorage,Lincoln,Plano,Durham,Buffalo,Chandler,Chula Vista,Toledo,Madison,Gilbert,Reno,Fort Wayne,North Las Vegas,St. Petersburg,Lubbock,Irving,Laredo,Winston–Salem,Chesapeake,Glendale,Garland,Scottsdale,Norfolk,Boise,Fremont,Spokane,Santa Clarita,Baton Rouge,Richmond,Hialeah,San Bernardino,Tacoma,Modesto,Huntsville,Des Moines,Yonkers,Rochester,Moreno Valley,Fayetteville,Fontana,Columbus,Worcester,Port St. Lucie,Little Rock,Augusta,Oxnard,Birmingham,Montgomery,Frisco,Amarillo,Salt Lake City,Grand Rapids,Huntington Beach,Overland Park,Tallahassee,Grand Prairie,McKinney,Cape Coral,Sioux Falls,Peoria,Providence,Vancouver,Knoxville,Akron,Shreveport,Mobile,Brownsville,Newport News,Fort Lauderdale,Chattanooga,Tempe,Santa Rosa,Eugene,Elk Grove,Salem,Ontario,Cary,Rancho Cucamonga,Oceanside,Lancaster,Garden Grove,Pembroke Pines,Fort Collins,Palmdale,Springfield,Clarksville,Salinas,Hayward,Paterson,Alexandria,Macon,Corona,Kansas City,Lakewood,Sunnyvale,Jackson,Killeen,Hollywood,Murfreesboro,Pasadena,Bellevue,Pomona,Escondido,Joliet,Charleston,Mesquite,Naperville,Rockford,Bridgeport,Syracuse,Savannah,Roseville,Torrance,Fullerton,Surprise,McAllen,Thornton,Visalia,Olathe,Gainesville,West Valley City,Orange,Denton,Warren,Waco,Cedar Rapids,Dayton,Elizabeth,Hampton,Columbia,Kent,Stamford,Victorville,Miramar,Coral Springs,Sterling Heights,New Haven,Carrollton,Midland,Norman,Santa Clara,Athens,Thousand Oaks,Topeka,Simi Valley,Vallejo,Fargo,Allentown,Pearland,Concord,Abilene,Arvada,Berkeley,Ann Arbor,Independence,Lafayette,Hartford,College Station,Clovis,Fairfield,Palm Bay,Richardson,Round Rock,Cambridge,Meridian,West Palm Beach,Evansville,Clearwater,Billings,West Jordan,Richmond,Westminster,Manchester,Lowell,Wilmington,Antioch,Beaumont,Provo,North Charleston,Elgin,Carlsbad,Odessa,Waterbury,League City,Downey,Gresham,High Point,Broken Arrow,Lansing,Lakeland,Pompano Beach,Costa Mesa,Pueblo,Lewisville,Miami Gardens,Las Cruces,Sugar Land,Murrieta,Ventura,Everett,Temecula,Dearborn,Santa Maria,West Covina,El Monte,Greeley,Sparks,Centennial,Boulder,Sandy Springs,Inglewood,Edison,South Fulton,Green Bay,Burbank,Renton,Hillsboro,El Cajon,Tyler,Davie,San Mateo,Brockton,Jurupa Valley,Daly City,Allen,Rio Rancho,Rialto,Woodbridge,South Bend,Spokane Valley,Norwalk,Menifee,Vacaville,Wichita Falls,Davenport,Quincy,Chico,Lynn,Lee's Summit,New Bedford,Federal Way,Clinton,Edinburg,Nampa,Roanoke
    maxlen: 16
    minlen: 4
    type: data
    match: text



